firstname,surname,Make,Plate,Phone,Date,1
Selma Ottilia Lovisa,Lagerl_f,Audi ,ZY35220,2891056,01/06/20,11
Gerty Theresa,"Cori, n_e Radnitz",Skoda ,BN83772,2891104,02/06/20,10
Derek,Walcott,Volkswagen ,1580149,6974848,02/06/20,13
Simon,Kuznets,Volvo ,AG21469,2891093,03/06/20,9
Herbert,Kroemer,Toyota ,DPR3067,6974902,03/06/20,11
Jean Baptiste,Perrin,Toyota ,BB91685,2890884,04/06/20,14
William D.,Phillips,Honda ,BV56554,2891080,05/06/20,15
Eugenio,Montale,Volkswagen ,BN68802,2891084,05/06/20,16
Max,Theiler,Toyota ,Q113189,6974871,08/06/20,14
Kim,Dae-jung,Audi ,AT12631,2890897,08/06/20,11
Leopold,Ruzicka,Toyota ,AQ42787,6974706,09/06/20,13
Thomas Hunt,Morgan,Toyota ,VMA654,6974946,09/06/20,10
Elias James,Corey,Peugeot ,BL27112,2891083,09/06/20,15
Heinrich,B_ll,Peugeot ,UN4W5W,6974816,09/06/20,12
Fritz Albert,Lipmann,Volkswagen ,AL76569,2891063,12/06/20,16
Kary B.,Mullis,Volkswagen ,X2035L,2891121,16/06/20,11
Richard,Stone,Honda ,Y940417,2891062,16/06/20,9
Ronald,Ross,BMW ,AW83260,2890985,16/06/20,15
Alva,Myrdal,Toyota ,BE17387,6974944,17/06/20,16
Serge,Haroche,Toyota ,,1719797,17/06/20,9
Trygve,Haavelmo,Toyota ,V896162,216888,18/06/20,11
Hans Albrecht,Bethe,Toyota ,AY79533,6974863,19/06/20,11
Tomas,Lindahl,Toyota ,BD22198,2890903,19/06/20,10
Thomas C.,Schelling,Saab ,890570,6974895,20/06/20,16
Ernest Miller,Hemingway,BMW ,DEBROS,2891087,20/06/20,10
William Butler,Yeats,Ford ,917380,6974862,21/06/20,9
James M.,Buchanan Jr.,Volkswagen ,BC58340,2891018,21/06/20,11
Aung San Suu Kyi,,Peugeot ,,2891020,22/06/20,15
Petrus (Peter) Josephus Wilhelmus,Debye,Honda ,AE13865,6974856,23/06/20,14
Charles Glover,Barkla,Skoda ,BM36522,1539631,24/06/20,12
K. Barry,Sharpless,Volkswagen ,Q153159,6974709,26/06/20,15
Eyvind,Johnson,Volkswagen ,BL84257,2891109,27/06/20,14
Barack H.,Obama,Volkswagen ,FP90155,6974840,27/06/20,9
Paul,Krugman,Saab ,H743675,2891040,27/06/20,16
Kurt,WÙthrich,Peugeot ,Q124596,2891073,27/06/20,15
Alice,Munro,Volkswagen ,BB20670,2891100,28/06/20,16
Willem,Einthoven,Toyota ,,6974838,28/06/20,9
Emil Adolf,von Behring,Volvo ,Q814540,216825,28/06/20,12
Ralph M.,Steinman,Peugeot ,E732259,216891,29/06/20,15
Romain,Rolland,Peugeot ,PBU9016,216882,29/06/20,10
Francis William,Aston,Audi ,BK31290,2891090,30/06/20,12
Tomas,Lindahl,Volvo ,BP82312,2890965,30/06/20,9
John Warcup,Cornforth,Peugeot ,AU88219,2891006,02/07/20,16
Subramanyan,Chandrasekhar,Mitsubishi ,BA64065,2890879,03/07/20,11
Herta,MÙller,Volkswagen ,BA24053,6974853,03/07/20,12
Enrico,Fermi,Volvo ,885U122,2891042,04/07/20,11
Luigi,Pirandello,Volvo ,BN71045,6974844,04/07/20,14
Richard,Kuhn,Nissan ,BB19008,2890922,06/07/20,10
Salvatore,Quasimodo,Toyota ,AN77363,2891107,07/07/20,15
Yoshinori,Ohsumi,Peugeot ,348TYC,6974924,08/07/20,13
Karl Adolph,Gjellerup,Toyota ,V240795,2890898,09/07/20,9
Michael,Smith,Skoda ,BL83064,2891069,09/07/20,11
Zhores I.,Alferov,Volkswagen ,DPR3067,6974902,10/07/20,16
Robert Bruce,Merrifield,Toyota ,G904423,2891101,10/07/20,10
Mikhail Sergeyevich,Gorbachev,Toyota ,AV43735,6974945,11/07/20,13
Vincent,du Vigneaud,Toyota ,BA45145,6974718,11/07/20,15
Carol W.,Greider,BMW ,AW63062,6974878,11/07/20,10
Nelly,Sachs,Audi ,BW43215,6974849,11/07/20,11
Hermann,Staudinger,Honda ,8780173,6974919,12/07/20,12
Robert J.,Aumann,Audi ,AE53120,6974906,12/07/20,15
Susumu,Tonegawa,Volkswagen ,ACA3052,2891072,13/07/20,12
Martti,Ahtisaari,Volkswagen ,R978886,2891115,13/07/20,9
Owen Willans,Richardson,Honda ,2475280B,6974821,13/07/20,13
Elinor,Ostrom,Volkswagen ,AK28792,2891078,13/07/20,11
Allvar,Gullstrand,Volkswagen ,BL87323,6974694,14/07/20,16
Pablo,Neruda,Peugeot ,AV27229,6974872,14/07/20,12
Richard,Kuhn,Honda ,BA30735,6974699,15/07/20,9
Rita,Levi-Montalcini,Toyota ,AS85759,2891118,15/07/20,13
Elinor,Ostrom,Toyota ,BC96697,6974934,16/07/20,13
Ernst,Ruska,Mitsubishi ,FWL510,216872,17/07/20,10
Schack August Steenberg,Krogh,Peugeot ,AV21846,2891030,17/07/20,16
Joshua,Lederberg,Mitsubishi ,N717096,2891068,17/07/20,9
Gary S.,Becker,Audi ,V279452,2891086,18/07/20,11
Hermann,Hesse,Toyota ,BR80068,6974890,20/07/20,15
Robert Burns,Woodward,Toyota ,AN26310,2890996,21/07/20,11
Françoise,Barr_-Sinoussi,Toyota ,BC55387,6974869,21/07/20,9
Sir Robert,Robinson,Mitsubishi ,ZU71534,6974931,23/07/20,14
Jimmy,Carter,Volkswagen ,V260796,216861,24/07/20,12
Murray,Gell-Mann,Volvo ,BW65674,2891103,24/07/20,13
Ernest,Rutherford,Volkswagen ,E818940,2891034,25/07/20,13
Sir Winston Leonard Spencer,Churchill,Ford ,AQ25990,6974891,26/07/20,9
Gabriel,GarcÕa Màrquez,Volvo ,,2890900,27/07/20,15
George,de Hevesy,Toyota ,2328547,2891019,28/07/20,16
Daniel,Kahneman,Volvo ,AJ6577,6974852,28/07/20,12
Lord (Alexander R.),Todd,Toyota ,BF65541,2890981,28/07/20,13
Carl David,Anderson,Toyota ,V188105,6974923,28/07/20,10
Shmuel Yosef,Agnon,Volkswagen ,,6974701,28/07/20,14
Walter,Kohn,Ford ,BL79965,216876,30/07/20,13
Max,Born,Toyota ,Z751206,6974870,30/07/20,14
Jack S.,Kilby,Nissan ,,2890925,30/07/20,10
Walter Rudolf,Hess,Volkswagen ,AH18011,1719795,31/07/20,14
William Francis,Giauque,Ford ,BR75551,6974861,31/07/20,13
Hannes Olof G_sta,Alfv_n,Volvo ,FMW4409,216892,02/08/20,10
Melvin,Calvin,Volvo ,AD55382,2890892,05/08/20,15
Hideki,Yukawa,Peugeot ,372736,6974835,05/08/20,13
Jody,Williams,Opel ,BQ17150,2891085,07/08/20,12
Barbara,McClintock,Peugeot ,BL46272,2891049,07/08/20,13
David J.,Wineland,Volvo ,987SYY,6974868,07/08/20,14
Heinrich Otto,Wieland,Toyota ,3474TX,6974896,08/08/20,16
Clive W.J.,Granger,Volkswagen ,237335,2890886,10/08/20,13
Hideki,Yukawa,Toyota ,R263981,6974712,10/08/20,14
Christiaan,Eijkman,Honda ,E949469,2891032,11/08/20,13
Arthur Holly,Compton,Audi ,AS77000,6974911,12/08/20,10
Harold Clayton,Urey,Volkswagen ,BA52752,2891058,12/08/20,11
Nadine,Gordimer,Toyota ,BE22711,2891070,13/08/20,9
David J.,Wineland,Toyota ,AD85467,6974874,14/08/20,10
Linus Carl,Pauling,Ford ,,2890907,15/08/20,11
Henrik Carl Peter,Dam,Peugeot ,BL59360,6974936,17/08/20,16
Luis F.,Leloir,Toyota ,BE42289,2891108,18/08/20,14
Gertrude B.,Elion,Volkswagen ,,2891116,19/08/20,12
Heike,Kamerlingh Onnes,Toyota ,9451890,6974922,20/08/20,13
John,Steinbeck,Mitsubishi ,BT95566,6974702,20/08/20,14
Aleksandr Mikhailovich,Prokhorov,Volkswagen ,347968,2891021,20/08/20,11
HalldÑr Kiljan,Laxness,Toyota ,BR79311,6974827,21/08/20,10
Claude,Cohen-Tannoudji,Toyota ,BN51025,6974950,22/08/20,9
Robert,Koch,Honda ,E238060,216868,22/08/20,12
Milton,Friedman,Skoda ,Y714442,2891077,22/08/20,15
Rabindranath,Tagore,Opel ,AEY8510,2891050,24/08/20,10
Artturi Ilmari,Virtanen,Volkswagen ,BL83684,6974818,25/08/20,10
Julius,Wagner-Jauregg,Peugeot ,Z264420,2891111,25/08/20,14
Sir Frank Macfarlane,Burnet,Opel ,BU36980,2891088,26/08/20,16
Wangari Muta,Maathai,Toyota ,BH90631,2891043,27/08/20,15
Elfriede,Jelinek,Volvo ,WB1578,2891065,27/08/20,9
Robert W.,Fogel,Toyota ,Z343741,6974900,27/08/20,11
Eric S.,Maskin,Toyota ,AP35791,2891076,28/08/20,13
George Bernard,Shaw,BMW ,AE60890,2891014,29/08/20,12
Claude,Cohen-Tannoudji,Audi ,AL76432,2891071,29/08/20,9
James Batcheller,Sumner,Mitsubishi ,BT72526,2891081,29/08/20,15
Paul Hermann,MÙller,Volvo ,Z489643,2891114,31/08/20,13
Grazia,Deledda,Toyota ,478294,6974865,01/09/20,12
Selman Abraham,Waksman,Volkswagen ,Q393822,6974937,02/09/20,14
Douglass C.,North,Volvo ,BL91316,6974875,02/09/20,10
Andr_ Paul Guillaume,Gide,Volvo ,BM91500,216881,04/09/20,11
Albert,Camus,Opel ,K108655,216871,04/09/20,14
Mother Teresa,,Ford ,2400792B,2891048,04/09/20,16
Georg,von B_k_sy,Audi ,Y937616,216875,04/09/20,10
Frederick,Sanger,Mitsubishi ,355RET,6974738,04/09/20,13
Peyton,Rous,Opel ,BB71438,6974897,05/09/20,14
Johannes Diderik,van der Waals,Toyota ,Z446028,2890921,05/09/20,10
Giorgos,Seferis,Volkswagen ,3777265,6974903,06/09/20,14
Jan,Tinbergen,Volkswagen ,AB21603,6974914,07/09/20,14
Kai M.,Siegbahn,Volkswagen ,AT93307,2891027,08/09/20,9
Samuel,Beckett,Nissan ,AQ18734,2891011,09/09/20,9
Charles Hard,Townes,Volkswagen ,BD91742,6974904,10/09/20,16
Charles Kuen,Kao,Peugeot ,,1719796,12/09/20,13
Georges,Charpak,Volkswagen ,Q508924,216853,12/09/20,12
Hermann,Staudinger,Volkswagen ,Z868619,216862,12/09/20,10
Wladyslaw Stanislaw,Reymont,Toyota ,X898482,6974933,12/09/20,11
Roy J.,Glauber,Toyota ,AX38224,216859,13/09/20,11
Patrick,White,Toyota ,AG35362,6974952,13/09/20,16
George J.,Stigler,Skoda ,BR75659,6974829,14/09/20,15
Hans,Spemann,Honda ,917U578,6974860,15/09/20,13
Roger W.,Sperry,Toyota ,AN94586,6974917,16/09/20,12
Archibald Vivian,Hill,Toyota ,DWD2797,6974912,17/09/20,16
Robert Andrews,Millikan,Nissan ,422VPT,6974837,17/09/20,11
Sigrid,Undset,Ford ,AT60188,6974927,17/09/20,14
Karl,Landsteiner,Toyota ,ZX75269,2891110,18/09/20,16
Albert Abraham,Michelson,Volkswagen ,QHSN5ZJ,6974711,19/09/20,13
Emily Greene,Balch,Honda ,2715720B,6974901,19/09/20,15
Vernon L.,Smith,Peugeot ,AW21634,2891029,19/09/20,9
Axel Hugo Theodor,Theorell,Ford ,AP82172,6974928,20/09/20,13
Adolf Friedrich Johann,Butenandt,Ford ,AH68649,6974762,20/09/20,11
Prince Louis-Victor Pierre Raymond,de Broglie,Ford ,AX87932,6974909,20/09/20,10
Henry,Taube,Ford ,340833,2890880,21/09/20,13
Herbert A.,Simon,Ford ,AX31453,2890974,22/09/20,9
Paul,Berg,Toyota ,BB95340,6974889,25/09/20,14
Otto,Hahn,Opel ,BL84597,6974932,25/09/20,12
Jules,Bordet,Volkswagen ,BC44716,2891041,26/09/20,13
Serge,Haroche,Honda ,BP25647,6974915,28/09/20,10
Robert M.,Solow,Opel ,E992396,216880,28/09/20,15
Rudolf Ludwig,M_ssbauer,Nissan ,BF21507,2890975,29/09/20,10
William,Faulkner,BMW ,AT50125,6974823,29/09/20,16
Daniel L.,McFadden,Honda ,AU34777,6974877,29/09/20,13
Luis Walter,Alvarez,Toyota ,AH36580,6974842,30/09/20,12
Steven,Chu,Audi ,Z540208,6974941,01/10/20,10
Mairead,Corrigan,Toyota ,,1719794,02/10/20,15
Aaron,Klug,Audi ,Y992971,216889,04/10/20,13
Paul J.,Flory,Honda ,A107439,6974880,05/10/20,11
Elizabeth H.,Blackburn,Opel ,E336665,216874,07/10/20,13
Baroness Bertha Sophie Felicita,"von Suttner, n_e Countess Kinsky von Chinic und Tettau",Skoda ,AY13002,6974876,08/10/20,16
Robert E.,Lucas Jr.,Toyota ,CJX113,6974918,08/10/20,15
Frans Eemil,Sillanp__,Ford ,AFW2338,216887,09/10/20,16
Charles Kuen,Kao,Skoda ,A788998,6974935,10/10/20,15
John,Galsworthy,Ford ,R824610,2891067,10/10/20,13
Paul Johann Ludwig,Heyse,Volvo ,2380286B,6974893,12/10/20,16
Fritz,Pregl,Ford ,BH68150,216867,12/10/20,11
Georges,Charpak,Toyota ,TANYA,1719793,13/10/20,11
Isidor Isaac,Rabi,Skoda ,BB29029,2890923,15/10/20,15
Nils Gustaf,Dal_n,Peugeot ,N507150,6974949,15/10/20,10
Victor Franz,Hess,Toyota ,Q862871,2891120,16/10/20,13
Frederick,Soddy,Toyota ,BU25817,2891097,16/10/20,14
Petrus (Peter) Josephus Wilhelmus,Debye,Peugeot ,R882765,2891061,17/10/20,11
Richard Adolf,Zsigmondy,Toyota ,EBZ9523,2891023,17/10/20,14
Gao,Xingjian,Volvo ,AV93179,2891122,18/10/20,10
Ilya,Prigogine,Audi ,1946126,2891124,19/10/20,9
Andre,Geim,Ford ,5967U244,6974873,19/10/20,10
Stanley B.,Prusiner,Ford ,BH70941,6974908,19/10/20,13
Aziz,Sancar,Volkswagen ,AGV8503,2890920,21/10/20,13
Peter D.,Mitchell,Peugeot ,BH96251,2891054,23/10/20,14
Ragnar,Frisch,Volkswagen ,AS31510,6974883,23/10/20,15
Albert,Einstein,Honda ,BU74113,2890960,24/10/20,14
Angus,Deaton,Peugeot ,P676842,216884,24/10/20,13
Leymah,Gbowee,Ford ,R968342,2891119,24/10/20,9
Sinclair,Lewis,Ford ,,6974698,25/10/20,16
Arne Wilhelm Kaurin,Tiselius,Toyota ,BH16434,6974812,25/10/20,13
Kurt,WÙthrich,Volkswagen ,AP20427,2891031,26/10/20,10
Pierre-Gilles,de Gennes,Volkswagen ,R961367,216869,26/10/20,16
Tawakkol,Karman,Volvo ,BP23152,6974907,27/10/20,15
Paul,Karrer,Nissan ,E800584,6974855,27/10/20,14
Isaac Bashevis,Singer,Ford ,Q986433,2891106,27/10/20,16
Irène,Joliot-Curie,Audi ,BN71323,2891053,27/10/20,13
George A.,Olah,Ford ,7753,2891092,28/10/20,13
Oliver E.,Williamson,Volkswagen ,H743675,2891040,29/10/20,16
Polykarp,Kusch,Toyota ,813400,2890911,29/10/20,9
Emil Theodor,Kocher,Skoda ,2445801,6974710,30/10/20,13
Linda B.,Buck,Toyota ,BFE390,2891105,30/10/20,11
Dennis,Gabor,Peugeot ,Z868991,1539634,30/10/20,10
Charles Thomson Rees,Wilson,Nissan ,,1539632,31/10/20,15
Gabriela,Mistral,Ford ,R601989,216879,01/11/20,9
Pearl,Buck,Ford ,MGP13,6974943,02/11/20,11
Hans Adolf,Krebs,Mitsubishi ,BC44535,2891099,04/11/20,9
Fritz Albert,Lipmann,Volvo ,BN85663,2891047,06/11/20,14
Henrik,Pontoppidan,Audi ,BB33378,6974882,07/11/20,16
Juan RamÑn,Jim_nez,Peugeot ,SENSIBH,6974879,07/11/20,13
Robert F.,Engle III,Toyota ,0896XF,2890916,08/11/20,15
Robert C.,Merton,Audi ,AU33978,2891046,09/11/20,13
Gerhard,Herzberg,Volkswagen ,L647520,6974854,09/11/20,12
Sir Edward Victor,Appleton,Toyota ,AL96031,6974939,09/11/20,15
Marie,"Curie, n_e Sklodowska",Volkswagen ,BR68558,6974947,10/11/20,10
Myron S.,Scholes,Volkswagen ,BR38023,2891074,10/11/20,12
Leonid,Hurwicz,Volkswagen ,AG20853,6974887,11/11/20,14
Shirin,Ebadi,Skoda ,AS79355,2891113,11/11/20,16
Kenneth G.,Wilson,Volvo ,BE90546,2890995,12/11/20,11
Thomas Stearns,Eliot,Nissan ,100V486,6974822,13/11/20,13
Miguel Angel,Asturias,Ford ,BE5350,2890896,14/11/20,11
Doris,Lessing,BMW ,AF27208,6974858,14/11/20,15
Juan Manuel,Santos,Audi ,,6974836,15/11/20,13
Camilo Jos_,Cela,Skoda ,BF15636,2891117,16/11/20,9
Konstantin,Novoselov,Toyota ,E239676,6974930,17/11/20,11
Jaroslav,Heyrovsky,Toyota ,AW76485,6974847,17/11/20,15
Jean,Tirole,Volkswagen ,V548279,2891082,17/11/20,16
Jane,Addams,Toyota ,63236,2891091,17/11/20,12
Martinus J.G.,Veltman,Ford ,AH39333,2891044,17/11/20,14
Roger B.,Myerson,Volkswagen ,AX94014,6974899,19/11/20,13
Robert,Bàràny,Audi ,294270,2890944,19/11/20,10
Adolf Friedrich Johann,Butenandt,Volkswagen ,2378401,2891010,20/11/20,12
Malala,Yousafzai,Honda ,BL86748,2891035,20/11/20,15
Rudolph A.,Marcus,Audi ,N805396,6974926,20/11/20,9
Wislawa,Szymborska,Opel ,G694655,2891033,21/11/20,10
Vladimir,Prelog,Toyota ,V428468,1539629,21/11/20,12
Roger D.,Kornberg,Toyota ,8059094,1539625,21/11/20,15
James J.,Heckman,Opel ,BL83517,6974898,22/11/20,13
Christian B.,Anfinsen,Nissan ,BE88357,2890904,22/11/20,14
The (Theodor),Svedberg,Peugeot ,AX14549,2890887,23/11/20,12
Peter Brian,Medawar,Saab ,FL547ABX,2891094,25/11/20,11
Otto Heinrich,Warburg,Nissan ,AT18467,2891059,26/11/20,13
Tomas,Transtr_mer,Volvo ,AS81908,2891039,26/11/20,9
Ilya,Prigogine,Skoda ,BR71585,6974841,27/11/20,10
Svetlana,Alexievich,Volkswagen ,944U606,6974881,27/11/20,12
Robert S.,Mulliken,Saab ,AN39697,6974920,28/11/20,15
Sir Chandrasekhara Venkata,Raman,Volkswagen ,1757575B,2890913,28/11/20,14
Amartya,Sen,Mitsubishi ,G878516,2891112,30/11/20,14
Toni,Morrison,Volkswagen ,AZ44194,2891025,01/12/20,13
May-Britt,Moser,Toyota ,NNTENSE,2891037,02/12/20,11
Brian David,Josephson,Volkswagen ,998U466,2890966,02/12/20,14
Rigoberta,MenchÏ Tum,Peugeot ,,6974839,04/12/20,15
Odysseus,Elytis,Audi ,E554968,2890899,05/12/20,10
Sir Vidiadhar Surajprasad,Naipaul,Toyota ,BC34558,2891089,07/12/20,16
Bernardo Alberto,Houssay,Skoda ,AD65634,2891051,07/12/20,10
Hans,Fischer,Ford ,N556384,2890988,08/12/20,16
Walter Norman,Haworth,Volvo ,BH24806,6974913,09/12/20,9
Robert,Hofstadter,Skoda ,ZY93549,6974696,09/12/20,10
Joseph,Brodsky,Toyota ,BH80195,2891057,10/12/20,10
Dorothy Crowfoot,Hodgkin,Volkswagen ,BN84731,2891038,14/12/20,15
Nicolay Gennadiyevich,Basov,Toyota ,Q727116,2891052,14/12/20,14
William,Golding,Toyota ,R208449,2890888,14/12/20,10
Boris Leonidovich,Pasternak,Audi ,BM15598,6974894,15/12/20,13
Charles Brenton,Huggins,Volvo ,AY35334,6974929,15/12/20,14
Lord Rayleigh,(John William Strutt),Toyota ,BG92961,6974905,16/12/20,10
Christiane,NÙsslein-Volhard,Volkswagen ,ZY94519,2891075,16/12/20,11
Johannes Andreas Grib,Fibiger,Ford ,BL53317,2891126,17/12/20,12
Patrick Maynard Stuart,Blackett,Audi ,Z569756,2891128,18/12/20,12
Willard Frank,Libby,Ford ,AP85403,1539627,19/12/20,11
Ada E.,Yonath,Volkswagen ,723U199,2891060,20/12/20,15
Niels Henrik David,Bohr,Toyota ,304716,6974826,21/12/20,9
Marie,"Curie, n_e Sklodowska",Volvo ,Y891074,2891055,21/12/20,13
Betty,Williams,Peugeot ,BL16046,2891096,21/12/20,14
Irving,Langmuir,Volkswagen ,BA91217,216893,21/12/20,15
Ronald H.,Coase,Audi ,BF18916,216894,22/12/20,11
Jean-Paul,Sartre,Toyota ,Q181034,2890993,22/12/20,16
Jean-Marie Gustave,Le Cl_zio,Ford ,A721424,6974938,22/12/20,10
Richard R.,Ernst,Volkswagen ,BA62703,2891045,22/12/20,15
Ellen,Johnson Sirleaf,Peugeot ,E786415,2891123,26/12/20,16
William Alfred,Fowler,Volkswagen ,611U624,2890893,27/12/20,15
Louis Eugène F_lix,N_el,Ford ,L610496,6974864,28/12/20,9
Gerhard,Ertl,Nissan ,Y953021,2890992,29/12/20,12
Henryk,Sienkiewicz,Saab ,651633,6974940,30/12/20,10
Johannes,Stark,Audi ,BA39537,6974846,30/12/20,12
Max,von Laue,Ford ,890U399,6974925,30/12/20,15
Harald,zur Hausen,Volkswagen ,BG75677,6974851,30/12/20,9
Knut Pedersen,Hamsun,Volkswagen ,CJP1647,2890983,31/12/20,11
