Dogukan Ali Gundogan,1 Series,This is test 2
Dogukan Ali Gundogan,1 Series,This is test for end of file
,,This is test
Vildan,1 Series,dsqasqdwdes
Dogukan Ali Gundogan,1 Series,tetstts
Dogukan Ali Gundogan,1 Series,sadsadsa
Dogukan Ali Gundogan,1 Series,dfsacdfda
Dogukan Ali Gundogan,1 Series,dfsfsvd
Dogukan Ali Gundogan,1 Series,dwfwd
Dogukan Ali Gundogan,1 Series,dkjafmlf
Dogukan Ali Gundogan,1 Series,dafdaf
Dogukan Ali Gundogan,1 Series,dafsfs
Dogukan Ali Gundogan,1 Series,ddsd
Dogukan Ali Gundogan,1 Series,dafdsgfsg
Dogukan Ali Gundogan,1 Series,dfgsgfsgsfvs
Dogukan Ali Gundogan,1 Series,fgsvfsv
Dogukan Ali Gundogan,1 Series,dfsfdsvd
Dogukan Ali Gundogan,1 Series,fdfsgfsgfs
,,dcfveg
,,
Mustafa Mehmet,190-Class,du bir deneme
kfgfs,1 Series,qerqer
wqe,2 Series,asd
mert,2 Series,dasdad
mert,2 Series,dass
mert,2 Series,fsada
mert,2 Series,12345
mert,2 Series,fsdfsaffsaf
